{
  "simulation_type": "reduced_order_synthetic_diagnostic_model",
  "not_a_claim_of_anomalous_force": true,
  "peak_voltage_sweep_measured_force_N": 3.046645256319932e-05,
  "peak_voltage_sweep_candidate_residual_N": 4.980480644700001e-07,
  "peak_frequency_sweep_measured_force_N": 2.5058480555618674e-07,
  "min_pressure_measured_force_N": 3.202327097332167e-07,
  "max_pressure_measured_force_N": 1.949783593156733e-05,
  "active_device_peak_force_N": 3.538358434056668e-07,
  "dummy_load_peak_force_N": 3.64249274041168e-08,
  "thermal_lag_peak_force_N": 2.96800987725374e-08
}