true_class,mean,median,std,min,max
EHD_plasma,8.901751012951826e-31,2.6138324252510976e-74,2.81497581083652e-29,1.9611009951719466e-148,8.901735136402728e-28
lorentz_RF_cable,1.0471825127180504e-33,8.154158340180733e-71,3.310692362865149e-32,4.617116114813275e-156,1.046933084739044e-30
mechanical_vibration,4.6968681977944634e-14,3.5177818860086374e-57,1.226974615464593e-12,2.9615132466254005e-131,3.830025715390457e-11
mixed_artifact,6.345520985661672e-28,2.847318382642916e-80,1.934261855286352e-26,6.020505596599934e-181,6.115996254757411e-25
null,2.2323146439205607e-21,3.267585471352666e-76,7.056250137663252e-20,8.468143642825161e-156,2.2313829556156596e-18
residual_candidate,0.9999863809549914,0.9999999855197275,0.00026942849049307454,0.9939085819380247,0.999999999766868
thermal,7.853842504612675e-59,1.7079551229727916e-96,1.7489183482585745e-57,2.4090383260084677e-154,4.1270943240555055e-56
