time,force
0,0.00001
1,0.00002
2,0.00001
3,0.00000
4,0.00001
5,0.00002
6,0.00001
