power_W,FDTD_like_force_nN,FEM_like_force_nN
0.000000000000000000e+00,0.000000000000000000e+00,0.000000000000000000e+00
1.000000000000000000e+01,1.750000000000000000e+00,1.206499999999999906e+00
2.000000000000000000e+01,2.699999999999999734e+00,2.912999999999999812e+00
4.000000000000000000e+01,6.299999999999999822e+00,5.525999999999999801e+00
6.000000000000000000e+01,8.299999999999998934e+00,8.739000000000000767e+00
8.000000000000000000e+01,1.179999999999999893e+01,1.105199999999999960e+01
1.000000000000000000e+02,1.439999999999999858e+01,1.446499999999999986e+01
