power_W,absolute_difference_nN,relative_difference_percent
0.000000000000000000e+00,0.000000000000000000e+00,0.000000000000000000e+00
1.000000000000000000e+01,5.435000000000000941e-01,3.105714285714286049e+01
2.000000000000000000e+01,-2.130000000000000782e-01,-7.312049433573638346e+00
4.000000000000000000e+01,7.740000000000000213e-01,1.228571428571428648e+01
6.000000000000000000e+01,-4.390000000000018332e-01,-5.023458061563128574e+00
8.000000000000000000e+01,7.479999999999993321e-01,6.338983050847452283e+00
1.000000000000000000e+02,-6.500000000000127898e-02,-4.493605254061616150e-01
